0,1,2,3,4
3.2172518393637013,10.68547169467886,-3.87086318251205,1.1515545800200435,3.2288549123963164
-0.8332602029287646,8.69345055631515,14.683309233192281,-8.566859219150922,-35.56440462529047
-0.9967076889168194,14.923845391904525,-23.317690500322872,-20.990571515977535,45.26132831668455
2.946352245017911,13.643389433381536,-15.197529264607923,0.24022326452096543,30.359169102510478
4.269779270970753,7.928030089158741,9.372468929910962,-23.76059305861887,-35.280934719382415
-3.1012385372375597,-13.742562757523272,5.0591383203555385,-4.0166373500323616,-6.3930033385753156
-0.5506209468032672,-6.667729851508491,-7.5114928926829405,-4.153957645499895,17.072422198753095
3.079795016460986,-12.830317642862585,-10.341689173305998,-18.950305658538554,14.208845126555277
2.125487424138125,2.8091507800838995,16.403068478848688,16.151623285824606,-36.447842158131614
-1.7359182030644895,-3.4666367909531193,-20.49402838018688,2.808207374378169,49.96881684696204
-1.78537218162219,12.123541367025993,22.433496567430844,14.506649366306238,-45.080936081764705
-4.645943247019256,-0.7063933832949116,-17.17550853880294,29.840875722948866,56.89714645061762
3.6154987969280565,13.38405442176936,1.813202257387787,-27.529220515986005,-21.134053492787487
-0.5275900435416014,-2.6504255511898185,-2.848090810683823,5.7324793097076725,9.535372513917864
2.014713916474758,3.7453529706256017,0.6060742148644049,26.889959492928355,4.659745741616762
0.680965100653462,-5.124997768049375,-0.6357366481284332,-18.877662372418722,-4.381652992229874
-1.7431998278339202,12.004358163455677,-19.94003289827615,-14.620929001433487,41.227306101449564
0.3570114134847753,-4.7733462528178645,-15.90130559005463,1.8223816072135763,36.706908953185696
-0.44510418331707235,13.368709995992104,9.584366633062036,-13.140190263909822,-26.631638163216547
4.02525835896772,-3.1091291617273615,12.521852657584498,32.00597042454072,-24.115607662948097
-4.74049798182826,-1.8874872761060262,1.9814548030475176,11.322692796852888,6.038586801850844
-3.729462718991463,10.030816385664517,-24.81740733204979,26.173035466575513,70.87908898972091
1.5662155480511935,-0.026449466532733723,-17.89308902361369,14.945238010250758,42.86310857869117
-4.094300773591494,9.06622808239625,3.1181787627186486,-24.349821114903996,-9.560119563570588
-0.7760161803934471,0.22117525795841875,-2.349450187758597,-26.43964722122018,-4.278829020659129
1.5608532943100997,2.083149949147052,-1.3993541432286527,21.7301583000935,6.759485222970602
0.5192364321082463,-7.7474986608071035,15.550254942433641,-27.598943534018396,-43.34015178217129
-3.198728450923203,-12.781176635800925,-17.35590809098289,27.41291149693121,55.56641394519154
-4.103693479932521,-11.164410561516071,-23.726998422369974,-10.451931071789847,60.37785111442319
2.6479512472637534,-8.861202260809225,6.888641576186538,-9.912248274183149,-20.999357305863548
2.5631792218999827,4.482707736340095,10.094850621291943,28.4206803967341,-18.25045397164315
4.521595162109259,0.3987871028518679,-12.780806071508026,30.05123130284217,31.81561799131944
1.9797561749769486,-10.525610792213927,-21.430140855684733,18.05032549865801,51.525156915399464
-0.5491922707452437,-2.21295349595595,9.835315221584523,-21.365789954685404,-28.61056607754747
1.757221869745477,-1.199115802991308,-14.140046483816079,-4.984228877436857,28.53952483199671
1.8481198460086379,-0.8734516335564315,-1.2320492634585412,-10.907696701521967,-2.189445188086151
4.886758360584945,-3.6865316955815164,-18.469537987761186,14.9485592754417,39.82036232693009
4.302410929735519,-6.9647595566823,-17.121638755450284,-28.585628232412954,22.520925250282232
-0.7195825457559293,-8.303121773637788,23.548442622167087,17.75655724717305,-43.90931624026318
-0.9447516498058288,-2.515293505111009,1.9602632088062455,-1.011504553456227,-2.261842463407687
-4.087564990507612,-13.323317855362248,-15.6081120960485,24.101456501748658,51.105138434023516
2.3231713313912694,-8.709183327601593,15.5196507234582,-21.004232158031883,-44.14449020820595
0.4009731271019934,5.730308439114143,4.944489503058018,8.470650123095147,-10.139930981750254
-0.7449447137258574,-10.892063620986718,23.14224988120456,-29.452769862545694,-58.485222748024945
-0.3579642935956162,7.136146156373492,-9.84254478251666,10.832247398558469,25.237615750166036
-1.297592511146303,-8.595128347170917,22.048163932954232,1.08895382894036,-48.2768605515441
-3.7643712378396033,-6.277675860705346,-3.3894606415877515,-3.6241315450678915,10.229360760062272
4.474733854835078,12.708474038504415,-3.416000368805472,-22.077398814241736,-7.7133405262416534
3.390736180091718,12.362554238184014,-17.864207703018526,34.88853575157857,46.512531936080585
1.450504072571296,-7.800293918988155,-4.2333043692287475,34.331001207249145,20.231140648894527
1.6230078606430611,1.1196408589201239,7.146445414525311,12.855173584044392,-13.980252095638146
0.14946803836406541,12.791803171529644,22.446593973762177,-34.33799883459288,-64.82594273357563
-3.5568399482785065,-9.876561802956893,0.116686845841949,33.928303626389535,19.02932562519466
2.7243142170972456,9.590970802381648,20.41483372222025,27.59693800568187,-44.51551400420226
-3.0176071591076594,6.093668974910285,-13.319443345289358,29.23684239924159,43.42099739652278
0.4146332830032575,-2.343948138225243,-21.40726702592797,-28.212099373243504,40.09730018658216
-3.1279623310439595,6.562738639487608,24.94262339442013,30.845373587374297,-42.97827497652592
-2.799520754163294,9.856998058695504,-23.63364165883202,32.24824164403245,68.10351913238706
3.3523326426486584,10.18889971240157,6.746348584420225,-14.704993444861573,-27.44556854111934
3.6465742751594714,-11.004740606896103,24.53705234160214,-5.79703384894648,-62.04889107966832
2.0524900782903277,-4.268589370966003,7.177969671354516,-27.975604036295486,-28.471745701894953
0.123046607392725,0.06832199173055375,-8.70958292964107,21.69159444748015,27.977709741618813
-4.5660159944203516,13.8580757137917,-18.974684453853563,-20.482065046889765,41.92335568948353
3.4246815698254913,-3.572811526043494,18.476143636122117,9.302253117502879,-43.34211240993526
-3.782568099390363,-12.226260432476693,21.952577110351832,-10.631591249262392,-46.35720299687932
-3.78635375753809,12.719839130796885,-16.493031105979664,-20.027631568334957,34.280335647718545
1.6035825699405368,-0.8067137308069965,13.236530566468812,-10.4994126561189,-35.04010755322495
2.005600244858541,-1.407995319119932,18.280403586780373,-32.40425954430361,-55.04328018176557
-0.04691908077879248,-6.209388167464153,-1.836086704589408,10.13062235474054,9.11979007987129
2.7946529410507646,-8.041813823243366,2.287630537701002,29.136684361728314,0.8910006264962945
-2.753826492526491,-13.817119430888095,8.18026061083538,17.11083521780655,-5.965203928655917
3.6738085321159435,-10.003649817945274,-14.230339314373346,21.733775657613727,36.17780074303507
-1.3094668792869202,-9.504384947803267,-5.367384170490781,-2.9441626931677245,13.4336059039401
-1.7034577440466583,-12.581426601385232,17.260815939644676,14.252486714380026,-30.808917298429826
-3.3978848261981276,11.572486123996033,-10.399467267009587,29.756155297460705,35.441437253858766
3.0498302198846226,5.305135293113516,-10.073257683573814,-31.007453333373697,6.269575423222016
-4.173719724048322,8.668924973171983,-9.738189715838374,-4.901404310173248,25.620634228583313
1.813850948354231,10.596176051393948,-13.42422259092485,19.43241189706091,31.31848428284709
2.49537575645837,7.92076384989477,7.001811324230589,-14.44545505255499,-26.60368975745041
-4.437164021186732,5.245509028982593,-16.38735235580107,-10.672351344514441,37.62631521126954
3.840096295466477,-14.57400809108464,-1.844588559540794,17.002177705430825,5.411031116874996
-4.2217627098738495,4.739115766802828,6.094534142563566,-12.361035442515734,-13.64669812528004
-3.8275614315680153,0.2291115873488998,-21.088945193668177,-31.357099653881175,41.8784879927584
-1.4047582340247287,10.018892760847251,-24.508711686972315,29.785910476355774,66.30197773712206
0.42219531835609203,-8.73020230124438,-2.4570806714290905,-13.291785862914292,0.20289400492371357
-2.640488098229925,14.376583156917192,-15.925030880231139,23.66092881136842,45.005235162793696
-4.784517266823995,1.7114618376583532,-18.177459701883535,-24.214942079750436,40.37232498420104
-4.655480366149377,-4.091642529186026,8.988379268980879,6.305371652929368,-10.917009841533469
-1.6478356630516422,-1.577336704189376,20.92329993901859,-14.511985094336042,-49.73001990851172
2.2059214547743577,-6.666713949480731,19.05423276319567,-3.3250716133881806,-47.109198895228396
3.3591509800996917,-5.007866694608072,22.55057690866802,3.369222365068982,-52.91722101908216
4.668712036177359,12.201870441769836,-16.484648018335292,-21.716772923038864,22.306311362240614
1.930097454582099,6.622668550260872,-15.517489000169654,-23.395916960515063,25.411620716133115
-2.6782244919392917,7.188109396680048,-3.781243846863944,23.22072003364982,19.958519907320593
0.1891923524402328,9.98139223499959,4.542230099182998,4.435133275618158,-11.64194353430079
-3.6725589750643706,-9.615669053971878,-6.605394848738055,12.719511139846151,25.60879763728064
-0.5003608309960743,-10.736595744408095,-7.175696546338939,5.663516593966242,20.31776227948917
-2.0424879942357252,13.85132030439598,-23.86747232732709,18.236310579844716,62.27287363611415
1.8108923862115702,-13.941813296972915,0.24865489016034914,18.97208471757794,3.8584568029115114
-4.725085394976746,10.439420368058043,22.765502204558743,10.094169924270266,-41.69622588276939
3.839617251631344,-8.892256973872774,-16.702706059776627,8.950430777847103,38.08831826064554
3.3666499154851266,11.848312971412883,1.3216876668495292,-31.28684393348235,-20.84917273618911
4.427656804365382,-7.953711121924676,-7.941511587330674,16.106117632430127,17.52613805957446
-1.5919642341278104,5.528380770487131,-11.598051306486779,-22.172309112979818,20.039572294875796
-4.127120754894593,-2.096033290158074,-1.9766100886557503,29.07104565502668,20.148437691223652
-0.1579298749211464,5.931768131656178,16.850818797255698,27.163912508112787,-28.451895461838454
-0.7593318396539237,-2.956537527436433,12.455163520021294,34.36568198988619,-15.759902745773818
2.9099800015667636,-10.42362452671107,17.194357364105173,-33.352522393934464,-54.769244654580554
-3.515423711683531,-7.273777033296578,-14.216900755478534,-22.25005472596943,31.686805478927873
-1.194176566614391,5.17573116554733,-18.739956322371743,16.783325353102853,50.68797939349747
-0.42807444286819596,5.893398003636227,-16.24627880165675,-33.63041467813599,25.031046481390355
3.776089880583349,-0.9469907498989905,-10.037747883972532,1.1260700028824395,18.0449114872627
0.40321460434881384,9.695801766315927,-0.3887142693914569,-32.45916443001914,-12.063042557032999
1.1792747029837454,13.698625915532904,6.911947453514533,20.62588844772423,-13.153723781430411
-2.6001562860020067,4.734429019907822,11.527631089181355,22.71487938358826,-16.645160605017036
-3.7314000499017608,13.183772609710381,-15.247238527781066,-33.9234367689346,28.376563040450893
1.02054174810403,-5.816726926928844,12.411605470888585,-5.1039108558551955,-28.899156926354838
-0.47108028275451197,-11.590515025825267,22.61577674762183,13.434466587008378,-44.2527600192173
-2.8631883927765123,-8.952537252676207,-8.221078406177028,-34.2176329889988,13.780130699890082
-0.7799312040237272,-4.386127269437152,21.333162305461837,-15.109965377326892,-53.585736730967675
-4.355523614329054,11.410829682626195,-6.60663605777323,33.98713160882703,31.094705410257923
0.8767125888049847,0.7385717574439861,9.471264696230053,-8.13492535584405,-26.659155631815892
-3.296509160626444,-3.6688918484049653,8.125280812851937,18.20408835679069,-6.9033100447181095
4.299404597863202,1.501442021975743,-20.47180602410368,10.725459903111794,42.73752916056244
1.2701146938488828,7.972234674050172,-24.225317282713554,-8.6516911223132,49.73519953224921
2.105739236194122,-7.038490509589746,-23.483526904815335,0.3417541483740889,51.694803034778786
3.5366090149295353,2.9832318895122807,14.41557516369472,10.227729240579102,-36.588739639291255
1.4359168401198925,-12.007966848862484,3.6611298273257376,24.81481427546099,-0.933012868180518
1.1745458724037476,2.748360426607297,7.61749040500427,23.251359355442588,-10.05710352927826
-4.073260487921467,-3.4552003699604827,19.640608470677883,18.59191320289494,-31.87226157534872
0.1863744950761106,-8.273182024312435,-12.482192995658892,13.419789795952138,33.227938978452016
1.066946861703154,11.515983875792719,-15.766015949820984,-9.144326987579381,29.19031729827013
4.288163741563686,-1.234967725709894,-5.246942211619066,13.70897993322184,10.256522452971376
-2.8734687933539913,-11.28787107696376,22.881245405049384,10.219010963908916,-43.80620067506831
3.7632830556438925,11.807917410525823,8.568169058873067,3.2834077324654602,-24.75832621137752
-1.3092659590712241,-12.578997696596296,-24.906790475255484,0.4670099453475851,59.87104513793078
-4.824294864368337,-2.662426785060836,-15.894932073489187,-17.234636649940562,37.628377154220644
2.038395731447147,9.806235139773912,2.695441060352879,27.21875703692547,-1.8448899525860698
-3.690191410722543,-5.3107927534717785,23.593125761382687,1.7709189454882974,-45.7608143383585
1.4306224749062526,-1.0098820747378934,22.436757547542623,5.852066901002934,-50.88243645882182
-1.921228840455921,-6.998534109019225,14.582630522927706,33.77656225418722,-19.30472451038135
-4.732853410246567,-8.198121692643232,20.598136874664945,31.59674643528335,-29.082220136640707
-2.10068940107482,-12.253034749420818,-7.3753261940542725,27.22434520033697,30.154194296910045
3.0059047488712647,2.241960868621959,-17.51493609337644,-27.60799923503243,25.06936957938805
-3.0416913991963366,-3.8421471904941096,-17.429829172289224,-9.093881020423533,41.564442283121075
0.3806863592640042,-5.952693258635968,8.342741215335291,-18.392460838626704,-23.8434275168646
-2.7420528873791996,-11.998438089359922,-8.319979721235793,-23.90252155154446,15.998598540504833
-0.4013004896877357,3.1230262216702442,-19.182894339633478,4.97133178972903,45.92008247986744
-4.910636712687179,-1.841672114639108,-3.2379852887197735,-31.472112914324384,2.549552493075144
-2.0063224798871127,-4.265336054371566,14.101168631782235,-3.0523206655165893,-31.82254491976767
4.657248190865232,13.209612233510967,-11.507877859009268,5.9236844361751935,19.21575481699261
-1.6188212878989905,-12.010570086122105,-22.477670570747833,22.384549938676905,62.00558877398556
-4.7572887264836154,-6.068734496632084,-10.91758002032388,-26.454728061986376,23.537306699735918
-2.464175774213367,14.181152488261107,2.3188604523125322,-30.346610248466952,-13.053794037329752
-4.2093092722962275,-13.439363990355425,-22.734857200549765,28.506582086505073,69.12847182324228
-2.4975713588175683,3.7667271455031814,0.6457406014063638,2.4122376532993535,2.465709523493365
-1.2341503708021517,-11.717488985345113,23.298195960301946,-13.184030848555414,-54.565076251802864
4.2301887118830575,-1.6686608297221968,-15.085922088555549,-22.010119488972514,19.652783068567217
-4.070608045801334,14.735567555499223,-7.689459558539151,4.917978903310226,22.379951101707555
1.3921180272084914,11.08742743299966,1.2877665877552502,26.809474865021084,2.6014167700494424
-3.94915174880866,-2.377470825763119,13.14331748709436,-31.2125253622952,-35.05799701395844
-1.1846043697546382,-0.607122232120834,9.063393342098912,31.820833314999355,-6.811887217845321
-2.8471257318882226,1.2294566395520183,-8.617617949404476,-8.215652364598206,21.936767447583268
3.1843640355882847,-3.3570658405259546,24.109000081353365,-15.524689921474264,-65.12195786382904
3.9944037367265715,-4.969965411281912,20.562707517321577,1.885467246158095,-53.09141578203601
2.6366586587910357,-11.714957999353699,22.136114581725217,15.345014023535668,-47.5591813430242
-0.058914046481481464,13.178569965142401,21.881401742129654,-2.165046089856503,-49.41372873272217
1.0066841802473805,-12.471495821528373,9.041962391386269,1.8123908512361897,-19.745221054491516
-0.36267865683176126,13.789680821904657,15.588022574752358,-27.166299986888664,-45.80064425153384
-0.37095250913583655,-5.05261464122489,19.526312326639,11.279643635900966,-39.73636545523678
1.6648461162339618,-11.253757237313781,1.5846448474512487,-1.8663434561224568,-5.4045087634452065
2.412841973354043,-6.5239353519601035,7.332299653513057,24.617878969377486,-9.793459739506659
-0.8532903881382294,7.3080110185259635,-15.63609224696017,4.884512273265813,38.25106309968105
-2.2792068953670306,3.7048523229850563,-19.00577177266623,-11.206002756751305,42.181832274723455
2.2322949833162227,3.12660940350242,18.428305447284696,-4.866937731746137,-46.735057487410785
1.102303835184908,6.895384949577027,3.4730890503448064,11.601804902771663,-4.758410416155911
-0.9837464081257483,-7.579017958565177,-10.056542125846718,8.269030339794899,29.206572021747778
0.8779806763004583,-4.2286999434598,10.05828251107474,-25.59234285059584,-33.541616155664215
-2.796657149975542,-0.32647278482270625,-9.002875217096317,20.843961512282554,32.070874915015224
1.7688125452015013,8.223114002236539,21.25674188847161,2.6378392381338074,-51.064354855733974
-1.8320430410007682,-12.156804748754123,3.361276575017813,16.213535071526387,1.7751114378930233
-0.8204081119955706,-10.614261876937164,2.0106862537070302,-16.396927943028857,-9.415854190620728
-2.821128758955851,-3.3689617718733205,-5.325830106136702,-33.58895271400816,4.483130023366085
0.6253799971387233,11.440694254521336,-20.876555856837115,4.721031026796141,46.568173969854115
4.754178450044229,12.469611391412705,-12.11332891687289,17.395825894146803,26.149534372520513
3.1091969103746884,-6.6233474627770645,11.446123787633873,-33.5762681315589,-39.850092049231115
0.9357022316963359,10.871962698248037,21.604055945973197,33.88714382960076,-38.57064839899103
1.0551947531126107,11.662445628159203,10.92442484064489,18.52426729196146,-22.441462719283898
-0.8583144635160656,-2.674506460399761,3.1703609522928744,33.659008742380664,4.0104835663463705
-2.4995284364275747,-1.9896036656291702,-4.7918917760331015,33.083337952964214,24.903473332508405
0.9290294521038591,8.821103968523897,21.257932319008688,28.067299671692012,-40.99370454771215
-3.5504435743527205,9.926103738252044,-17.460803599877654,15.462135307692884,49.91541687101698
3.388261936279223,-0.5304202048947921,-3.572649490101112,-34.78309841341564,-9.60659179613735
-1.1973483795316953,-4.261563807189475,-13.003948264626604,-34.73328279437705,21.542787399389375
2.039331225740418,7.394591049962283,10.114203365205947,-1.839863426943955,-27.078613273378014
2.029116941218313,-7.140065786527881,-24.21474258055153,-34.555995786475705,41.3252897887319
-1.1267689377886745,1.7452497604262884,15.324855312352756,-23.399655873666948,-41.04039022062148
-3.352255016460166,-13.881817826655617,-21.474288316951885,-24.988084679790312,45.551278482545115
1.145592028623299,-14.526488223177353,-13.652322263612145,-28.850017972434618,20.524845190969273
-3.0643542747747565,-13.240089637423488,0.7491394691686581,-2.8186549809361354,3.588986876106259
3.300386218241391,-1.6006511116444244,19.778399241470215,11.74587345429089,-45.53275778044216
4.485537750392492,13.866237619585272,-13.727003314887426,-33.283997275011025,12.474509377876728
1.824845319094079,11.728660895889714,-3.365426037113437,20.426558279038044,11.6723904410807
-1.3111364904640865,5.353942388714364,-11.060408835182367,8.546323886308546,29.344318216400275
-2.288670925356191,-2.914776550015514,12.691260312103436,16.960441526629857,-20.009525231711304
1.4931904645338534,3.0861357466257093,-12.058742617945907,-21.048345503991776,15.910780595809785
0.41861621568040164,3.459824648377399,16.170279505724245,-31.2331242908937,-49.981758155807
3.040774374910672,-8.27916921439558,-1.8959504714127817,-31.535520828016285,-9.922314599542904
1.7216699943439018,-12.762579529365873,3.469451111405748,-8.147687680395663,-12.058878631544104
4.373727060142119,2.341787968064362,1.2944950407096822,11.282884702593698,-5.891574616826682
3.799533567150199,-10.729093869269734,5.420686848945104,-1.8292976273609227,-17.256620389278545
-4.9231129496398225,-3.755379634601004,-17.556348853238635,-8.655928586990488,44.54277787894181
-2.0548620236423245,14.94740635047481,-8.325932117211426,-10.784718431811726,15.33960352239552
3.841450321011253,14.601531775090141,-9.870276588892084,-32.22534484275415,5.597292518832104
-0.8370274382030392,11.805086570494113,-17.92783836955349,-27.822401300843985,30.616644709789487
-2.2413582933802925,1.9262619426987193,1.5208771191949655,-33.16462287749663,-10.56442578107914
-0.6150063467594755,6.13906329392473,0.1301636341614243,-23.50542907283205,-7.530034284797661
2.3806727915408343,0.47149131579104875,16.090240358330536,28.902372520790664,-30.863929387713114
0.6380234053362113,3.6975855052530004,-19.632371239173395,-17.59332047499583,37.88548523573879
4.387641153653082,10.657930720762646,8.704369864575728,-27.150347457553984,-34.224434526351224
2.127318790006562,9.068074216302328,-1.0684050249559274,16.457589020079418,3.7604853831180587
-1.3439506865466022,-5.743411557976099,3.3178569930739155,-33.30973318587623,-15.834337078384635
-2.3519924345569034,14.124375559638668,-17.57023694595403,5.182372338882907,43.418707087171924
4.72927467285232,0.4461602014595929,-1.4239759534999585,7.308947811645175,-1.404550537631478
-3.348721181004745,0.6922362681714578,-21.104037601420433,-30.053913163764033,43.431823608095364
4.060403950627995,-8.378237044081239,13.258861654860524,-25.95910133642256,-43.45140539369292
-4.537812198583445,-8.623383770679556,22.41340735335097,32.47669144508295,-31.021705631059806
4.791227723617794,-14.194376548104962,-23.35448685142225,14.067165654713978,52.49733040168494
1.941109131476546,3.5767298841734556,-9.150343302217456,15.69656407277012,22.655293238847825
-2.6867038668953014,-7.099936023104096,18.357796760688654,-30.759234662031815,-46.71630691753621
4.917046724827962,11.282142632989997,14.990639062980735,-22.27005838678622,-49.28257150166429
-3.694112177355573,-2.8212852491849976,21.554323669848607,13.92804108986568,-38.14138553410575
-2.6480191996853186,1.0048127705643006,20.86312561367383,13.27376486838971,-38.49685234485503
-0.3589602070171827,-6.518897659602223,-21.180141666867907,12.699697892133385,53.92636639919929
-4.599590725198973,-2.652208648777619,1.050139174920699,25.94301616594776,13.928217711774588
3.762327160981741,5.611273629796415,-21.6462796966808,-34.13147608014897,31.34984895529691
-2.9712390590235183,-1.2747241669652052,-11.17170736619939,-27.3402580303372,19.626317858320228
-1.8406057732182504,-8.456136286377099,16.956141065828206,-19.382123754570117,-42.057737430117584
3.2863339274181502,10.766696839185805,16.12526202329726,21.015408229455527,-35.631442066450106
-3.160274431258394,-6.637828939522505,-9.167076833755043,3.540934893494212,27.11664066766397
-0.9117041140183071,14.838754875022484,12.845516130270074,-20.658895683757674,-36.63344937790908
3.4342666481746456,-9.777648954327198,18.952891366598443,21.522501471675383,-39.68457646360578
2.819100779655381,-10.044117918509537,18.278323972006252,26.119200154175857,-33.89199707163776
-4.4361264118645005,-14.488573856286797,-20.777362777100848,18.346187524748064,61.536190980531835
4.077164107302671,13.33946013049237,15.990013537299088,7.572606601822661,-39.90474238480815
-3.397295174001794,-9.301465737060653,15.341105381528326,-14.390204492518318,-35.738422496793774
4.786575249584532,0.5864450257589686,-2.4332233609083476,-19.570825187424926,-8.865010568423754
-1.0534957872511463,-11.845050834548612,-3.1879005607716726,1.2037199131363492,10.037894997923544
-4.74474102638794,-11.970063390601421,24.240878070961564,-8.32942002884841,-49.978871341070324
-4.772463971911486,-2.718433901515743,-19.586588021191876,-26.094709121724453,41.48840377153385
1.0646751739513824,-10.694725486780518,24.46679630185149,20.198346782942643,-50.070309747241524
1.2525524722839476,1.419128613562088,-20.700311194817207,29.93683902120149,55.3766838934697
-3.62137636666359,-3.9605847345314382,-22.92197924936252,-6.300422917590218,55.88558007557932
1.2147343835226385,10.30385526749765,-8.601950819078796,-5.069768337312642,15.109642386430098
0.8732035349145821,7.220963380958446,-24.30330410883816,20.368635377347545,59.31323687146716
1.082813064778959,13.253796863915245,-24.406354999482957,17.796991357709878,58.73045321006773
-4.381729667113032,-5.953762416393388,7.37610465289273,-16.544144260226442,-15.29152681795517
2.080639973141995,12.300890193795434,-5.512860653220574,13.366294155606758,12.923650596757252
-2.788869024032076,0.8996052647803205,19.107615805664206,27.79837142072649,-28.385657613359744
-2.043077852226618,7.429604303907521,-5.060972781780841,-19.228257863030905,7.494284166643504
-1.5433558768735987,1.9954202858988808,-2.312105668823241,27.535634447973678,15.704172317602916
3.5173710607390767,10.94767309803862,-2.655600633513906,33.859954763992945,10.607053840899463
2.222944924913275,7.179062283766525,1.860316983826693,-11.819559048960963,-14.061730764117467
-1.4365518918144438,-14.178360739921839,-2.1502086437285017,9.282234281110954,11.449908121377788
-2.658097345628793,-1.4514094927756602,-10.063192396493791,32.73060303170202,36.26460073325079
-2.903921700781357,-7.108250429680769,12.580012332857562,31.640608354269638,-11.440082563346413
-0.7966100747137395,-2.857846629147227,-14.829890383257478,-16.98994820993053,29.768862800586597
2.3807170754041653,-7.952191165293303,-3.1622995649539254,11.393022602128037,9.431790333806852
-0.4135062307930193,-11.243276681804868,-0.43151160426329493,-33.851739838436664,-7.6076131994823415
4.699916812662336,11.20537867239352,7.655031695884125,-2.0648502561979827,-26.54993764070198
3.875579136239285,-0.7009084874750435,-1.6951338426825036,-27.874841973004852,-10.054573021523819
-3.0311644390650816,-2.759573407526222,-21.473313380769902,-33.84000181667703,40.909410532742925
-0.2953263944582929,10.840867632521833,-5.97535400264837,-31.74032999481063,1.0738375363059238
-2.5741573637833284,1.1161153462924371,24.459708202326116,24.514175863886628,-42.150984638569476
4.909180769871373,-6.434599933177008,9.668537435006023,34.38393281954574,-15.666575360867126
1.8270704617012754,-12.729705227686745,8.483238179622802,21.20706736306171,-15.105903167622202
0.48390158672499517,-10.57069672550538,-5.888762919693518,-29.88072153105785,3.8685792028340353
0.32447904232719704,13.945976360388912,-23.51430104627379,20.17566362389161,57.679596083818566
4.636443094862308,-14.309231090032672,-4.674354942510162,-13.098555986372078,1.111298274113079
-0.8963117970389298,3.9902687637335195,-9.452760185917874,16.511135941722195,28.112585954587164
1.271448830272906,1.2089192287502168,-4.629348905089357,31.931249295589254,19.65208478395717
-2.033566086551769,-3.1673131449578418,-24.447397078387635,-20.927752731922475,52.40825753367049
-0.07288187681720792,-4.193165176247344,22.105130077966813,-19.606896138516927,-55.88903130220837
3.583425704446789,8.578495621848628,-17.57051155495536,34.84313144465315,44.28144098674462
-1.7192450486464517,-3.8987189417876267,-11.728014893782323,20.13296984853952,36.85341521034235
0.7481413345624697,7.475740895117949,12.016305372267876,8.601045889728548,-26.872913340450246
4.791630419049271,-7.990322187455547,-16.38208352185984,16.034380077519142,36.25066837008609
-0.6723281927630307,8.057833100450463,-7.559516434873075,12.957912178646275,21.249017992772178
-1.491799931365172,4.898463447804625,10.106023069294583,6.453399660257595,-19.309024847788514
-1.8239359759441607,9.206333678891362,-4.934721751233622,-21.398604690080777,5.187034845088552
-3.408141165434546,2.3729911498645926,-23.05378748720761,-34.96965356017136,45.11828027722954
4.584982678027938,-8.479244994792403,15.17074001293845,11.629873789922371,-35.97716943802828
2.385776351708751,2.64550712321115,19.70717937257345,23.888348315031337,-39.46408259490886
-4.909277001696379,14.906521656086356,2.4063370219026936,24.452333706647384,9.205571281540303
3.0876038473448464,-5.833849632125572,24.63045545768841,2.7494630593109237,-58.12497250593694
-4.616331117075028,4.737800847969371,-22.714438670690008,-6.3944972236931505,54.79788244318207
-3.3182225576730664,-0.8617942591843288,9.73393009268178,-8.034901163888994,-20.889170087542187
-4.5200696037813675,2.3385026215382148,8.101915851722383,-24.910202243342926,-20.998221905965668
-3.3065350705581653,-6.401708088570202,-15.25908294841123,26.047162535781403,48.92340032395234
-2.6538495815900753,-0.11420053596929769,-0.19487784679046438,-28.737356558346477,-4.163823370026095
1.0655794716750941,-7.321508642603505,11.459710475331626,-29.126597424724103,-35.53726710096289
-3.497607884498286,-14.423924290740679,16.742861044938635,7.104785951718718,-29.715352254668645
4.360010366919235,-4.895694634900454,-20.99794819239877,8.126022457178927,44.45481380560131
3.2034372728895644,-11.146739469320874,-23.285348146404576,6.923794833478574,52.47394436307331
3.90671788851607,8.903526158162197,-3.8115427200707153,-25.11901352186534,-6.041872369718037
3.572354912836566,13.447796110750096,-12.612827233051277,20.603836283127507,28.364774100325537
1.0576826579734364,4.929806906026377,-3.948550114738558,9.861984584332543,11.421570176445504
2.7514680558002613,10.826007497745783,-13.683903257755127,3.287717612019148,26.029500536289174
-1.0339040522973884,-4.103426407624953,13.725467006642816,-2.764956337856413,-29.177712389075797
0.4515844313129076,7.571229919887171,20.722653312396766,-5.606910410521984,-51.68382322874636
3.6208506878432516,-12.111181117023026,23.936494165512716,-26.488996659871137,-67.17488207061099
4.9810428439808785,9.578828129176362,20.799194780140418,5.558931699030922,-54.191541793346964
1.5420363425283075,-3.978995216860934,-17.824523193511656,-20.420484670277318,31.695905675583333
-1.5744530434847617,-14.889081101010564,2.0937842098139425,-22.429997933923232,-9.137514011889294
-2.3990946476764643,-11.972126807934663,-2.9512106060778454,21.032162261667146,19.38820160001003
-0.24522541824756328,-5.3522889478991775,6.927371092806069,27.392316455992685,-5.552343519003533
0.9908110913661332,9.458359567244875,22.994402137974088,-25.569482607481422,-63.65060394979212
1.2410269226090618,8.125399252540364,6.118989718168946,-3.962949852779138,-18.93103823508876
-4.141307789922097,-13.390558296769967,11.402802391555387,16.510677561891793,-11.99072019199355
4.340313141457186,-8.869883270321239,2.8265649724981357,14.789339180792494,-5.147008167254832
1.004710408906102,-1.919970052497228,-24.932562224208333,31.218247382527103,66.77600424588985
-3.2650959929775993,4.144595563355013,-16.09649722204618,34.81077975823783,52.60000635005366
-3.169812370574526,-4.125039945824447,23.247934687253604,-22.76491648508425,-54.8156737460367
1.7049711905304754,14.875856712329085,-12.78405601065814,-21.569261485119114,17.93903620729123
4.94888652404852,9.111673004669612,-22.011938603211515,-25.159504195279922,32.31526228640808
-2.1155634719368988,-6.417106335807652,1.8529718498179548,-24.48804098136666,-7.530101766015583
-1.3591764691243382,-9.397343950207484,-7.514643880167844,17.181986813946025,26.155699322577018
1.8266538654439284,-9.8182112287572,-9.591699532703268,-14.278283217100029,15.238803782158499
2.8014463659741464,-14.487912818269534,-2.2063289677297426,13.988341218627944,6.57893981377004
-1.7495651142379973,-5.934214907256563,-5.935367998351233,-10.584802145014168,14.191691636115081
4.765962319114523,-2.699813627818508,-8.63497285132015,-17.790820474765102,6.5715757115059805
2.378201046823901,10.788632129253827,-9.191574958013287,4.154446889610674,18.002508308829416
-2.0028585633375817,-1.5829813160625577,-19.967355468189808,-0.3075096325710236,48.142737582759096
-1.265755260687329,-11.519840285366156,-15.056257502767885,-34.132626987073586,25.2987602665864
-4.765974635139011,-14.40424008100863,1.5319501302781102,-3.094825624160076,4.573657918105653
-4.3309592123762055,-14.274085651674822,24.034327269266946,-6.238028470832131,-49.21156989831637
-3.400877880462174,-4.7427123700402,14.101283026827263,-20.651584752112075,-31.918004648130847
2.2122619490536257,-2.4700125850690853,0.32140318982325944,11.430951685737266,0.22488099335105474
3.6506780683150772,0.16772079191933642,-4.965308472090992,9.693840308027898,9.4925521421144
1.395210190267214,-5.354059426701796,-20.37287153506162,8.840754817359691,48.6251552228202
-3.2319383164764917,1.0236627064276362,-12.778952970093954,34.120612828112705,45.13775544535084
-1.1891840707058057,11.125886499428011,9.738909471948123,-31.31154310465581,-34.747812229547
-0.17557064219877816,0.747744814057671,-13.077800598136662,-8.380374849318509,29.15333444235729
-4.819750024582672,11.524294006035484,-4.458403874330936,25.21313855486077,25.295895442841324
-3.613374439399506,-2.1783355930571036,-12.074639784362322,7.868961681257294,37.39963222392942
-2.864754395298237,7.550874645463346,21.975134160065146,1.7461357584327413,-47.27738547009171
2.461801772086389,5.210509892384823,0.8650874727826974,27.93358740419163,4.094187451798512
0.8527903160740173,4.853848590832288,24.56042429409319,12.610881890144338,-53.91620773838234
-4.490377904668156,-6.056224701949244,-15.867218665638038,2.007249283173552,45.559107942520555
0.5767273345596529,-10.329224723408164,1.85782423986681,12.13222592157836,1.7242815967141385
0.673062234115573,-13.647971997577326,-21.30636414507348,-8.29169705414488,47.10392478255698
-0.5020395487180576,-14.146700943430353,-4.442432748658636,-8.116583097011858,10.077978882031589
1.317119087815943,0.4721375044359295,-6.487550059586777,-5.242239996400014,10.913671650331255
2.0259838758543864,5.450796863105991,18.3719670529295,26.683680001160056,-34.8985874450007
-2.9348104195371927,-1.295441138727142,-6.358005678798406,8.552098757201868,21.298022076656878
0.7540615636232237,-0.8483720971069211,12.606070875451806,16.47622681915157,-25.307958385292373
0.4676276468796372,-13.96627902917962,-14.873932960055047,3.367978093988288,37.223779963149425
-4.1714197471798,12.19942498219781,-4.021891611211164,-18.15251690554112,8.145138831189426
-0.5335876645160287,11.144878783944577,-22.755113938142564,3.1026308636866258,53.47022486492375
-4.354586649457815,-10.071886731610606,-21.55687268425494,-33.49254329139119,46.8558935713368
-3.437540037599267,6.017063381337367,-24.446599815350773,-9.052779441074879,57.447881434161765
2.6625778771881734,-13.893952230582297,-9.656770582618002,-20.127578815499323,13.250691209003874
3.3372443598714447,-3.2373523182316015,9.146692175589259,-5.784037608906042,-26.435480896171832
4.068973408552507,11.456153063002583,-24.32517865957898,22.707711078572288,55.5868588878302
-0.09135306458903969,-12.342363644465713,-12.992636470837693,32.50378300666599,42.51347620494534
1.5813639346372987,-4.313665143181195,14.674701276936934,-11.304813523795028,-38.34572119806353
2.548971125296264,-5.576978840269198,13.5250940972219,-2.0665099984592636,-34.73017750505689
1.5524016402990028,-9.90816185017943,-19.54009420642013,-2.7368552900617393,43.20896832992647
-0.5300682229088665,-5.282210943698191,3.2203583137434055,-2.1575406511964283,-6.675360185636402
-2.9829459193802412,9.146615955748324,-16.738932512669013,-18.781293659862726,34.64471984878008
-2.7645506092242442,-8.303810201349432,-24.729655726261118,32.094698805816286,71.91158097353747
-3.5004354937439217,-8.597558272298143,4.51005311459836,-8.58019936672321,-5.409370564693528
-2.648067958915413,6.811614067208205,10.5112181900172,22.547724165592356,-12.635447070750752
-3.56959214520879,8.408101311181795,-14.500171634619575,-3.3287742188216756,35.65946517525708
2.998726678657457,-1.752329945486017,9.908579361081,12.123506973578207,-24.811912149076466
0.636968278140805,-4.444230788723309,-17.73212134887459,-3.463963743921152,39.94738443898536
-1.4855514521372424,-9.588874846726336,24.406795706574123,27.6673371457892,-41.912046695195194
-1.9250855928770605,13.153594312590753,-17.073401014532163,28.9590640675815,47.47328382445665
3.902703462694216,-1.8850996151357764,-22.7458940598042,10.58828234908009,49.205583164558455
-0.5538903125986341,2.9034366161343605,-21.114601693221022,-29.44669754455325,38.3335837962426
-3.544014922028661,-14.09690427759371,-11.216706201036175,-13.48871926726601,26.735186751815426
2.820864392858028,3.3590940625548615,12.202311215390488,-15.214409367611857,-35.964283757573085
4.937228193131439,-12.308718759174198,5.2955824852056965,2.769137002125743,-17.199587016870723
4.084316823713351,-9.433462368432725,13.646358272162749,-1.8616053177098495,-37.34919216636292
2.7405911037358344,0.071556363944274,-13.703223593903285,12.639334917331166,32.175562016396455
4.698398762415492,0.3622059252930736,14.082155102427802,-22.18488764014765,-45.69023950163672
0.9255423358810617,6.058272088773244,-22.346121914413008,-18.836659773273002,43.819214175647566
-4.092166073812413,3.4910029554925233,-20.333436440029047,2.1228622152625443,52.86236772583014
3.0464109659977545,-0.28163877894960976,-13.055059371077737,30.01390430229187,34.07494943604925
-4.442344288758253,2.604673469437528,-21.908396229256173,20.842794702947124,64.08686380330005
0.2769048952365498,-9.566048287489199,-4.976719114664077,0.20880820730339256,12.530775891527503
-4.13976487493538,-12.422477053032853,-22.587758004831834,-7.770680178236045,58.025268212860006
-3.7663544872417942,11.165215763100893,-17.151393651967094,6.795554907116671,44.835064470859706
2.660612348250088,6.722590033024554,18.64426745049918,22.6441201089666,-38.8728536497865
2.2277850133557573,3.043960397135274,-22.534150469000835,-5.022221802995782,47.73188883141099
-3.239517123022171,-9.305780426730914,10.074780898135183,-19.709054170062267,-24.375402793453883
-3.604262479402245,1.4670399631016062,-16.051192323338157,9.398857200160055,45.75521749738191
1.4102859257573686,-12.008763410600979,5.420732153015759,14.869744825332939,-9.142574420083985
4.379289706910148,14.030043154369462,-15.677639548803505,33.886050501453965,38.53657650138029
1.5091565520555257,5.3624401848170375,19.456072777287872,2.5260116166488036,-45.19707069291481
-1.6192976572279836,8.360815594485635,13.23694975105973,7.380003816698228,-26.285399512705336
0.7868658061510834,11.37398814945381,7.394919047678745,-18.583284477169883,-25.197377283176326
3.258421891861655,-2.919892798062085,-18.044368192325244,12.543234713625974,40.41582523307841
0.4432482994767337,-0.8632442820795694,17.988268390150985,7.021988164074471,-39.58309728828286
-1.7159282931047914,14.536974758887705,-20.634691881874655,6.809635626448238,49.23455394456825
-1.764870188620292,-8.882771083969276,20.452870199677157,-10.2757102474587,-45.91772095030026
3.257884841952098,-7.960785492630988,-21.28356496448767,-30.812847394420885,33.6500261027743
-2.5094447611833823,-14.348962425798796,-18.609635045337935,7.041402745574516,49.63633792368222
1.0633524046046228,14.200837524225836,-14.9049658249045,11.222880073949119,33.30832700968198
0.5467938293249075,-4.110520954912793,23.907491306380138,-20.681491198301316,-63.89464788012729
-4.080111348880527,3.86905931215185,20.51791476459348,-17.59223479449736,-48.381499199324146
-0.44238728679458283,1.5074490432867922,-1.2166319117959778,-32.57366637967459,-8.64453084627205
-3.826592932045556,6.964816796114302,24.08098242039504,-16.484264546000503,-54.64785101559815
0.15487457670703897,1.5897541626253675,17.1588960653719,-9.813531010729296,-44.09419435736433
-4.754806944936703,4.338411617851552,19.11490990327235,-8.843966352965666,-39.90273972506715
1.3371743166493886,-10.943660011996803,-4.634088360908688,-10.129366456897866,5.706711530115169
-0.5427192134932906,-4.026058262494788,2.4664703147313682,-32.695119980740415,-15.390698997909595
-0.033886751111833036,-3.581764808496606,11.302793882413727,-17.1375488042716,-33.957201843282014
4.855257217384551,-9.229803726592777,-20.270797774555646,4.832120926661276,41.46588275715082
-3.047322687039488,13.797518707938453,-2.2058048306861533,-30.06488992539063,-2.4402806857676267
-0.5489536035480622,1.0591931261229197,14.73334032247406,10.769285643240135,-28.57497736372465
-4.381700501149233,-12.725044342256663,-14.76866016064019,29.94244884360659,52.39297995518309
-2.7764099464149936,14.646578297483893,-4.450258356621646,-26.44537755951456,3.033834882675867
-4.397295916344214,-3.6255399137064543,20.60925980507106,-33.8668225311338,-51.33166102870237
-4.313740446113128,8.038379393309288,-20.973985703508742,8.581522380797214,58.469238982460844
2.2593441899811397,4.7266686248435414,12.089983502889549,28.293470495068654,-20.7053405133047
-3.322290484332615,-12.987823304063777,-1.6501489408363401,-34.152349752115725,-1.4474781946342237
-0.6405752880904707,13.744573310328182,7.732745976114268,-31.000825223736904,-28.08698515218411
-2.1115840825156695,-8.843454324453436,24.715012144500676,17.029674719680987,-46.60209611734217
-1.2593316918485629,10.241745633108753,21.857215620418433,8.198642484914995,-46.315626393808905
3.9547146277809304,-1.7629014837876245,16.702575872955574,-4.066963872839245,-44.950120805233446
-3.3264803114960397,-2.8986746264843966,-1.7052946838595684,-29.002961634875003,-0.538572316215875
-4.504541079677075,12.885820632440716,-3.436979229949495,-3.54970814828169,11.096888594893265
-2.327833680738254,-6.212993486688909,9.402460194710578,32.21594083276909,-7.574715945652325
-0.15979730103428214,3.023734371548592,-20.362190572232635,12.382051988606321,50.797291410915044
2.5260742068346964,-2.1171165199961557,-3.402190099553022,22.565097144287343,13.021157466861643
-3.549922978198171,7.540536881053,17.491843313741306,11.990326047860535,-32.17189142288876
-1.2183902179991524,-0.46689556862047255,24.74531996538505,6.880101911799826,-53.41318388270112
-2.822942864381992,3.8205624826464284,-17.221418116732757,-9.014170003725368,38.40282398886123
-4.874079246246036,-6.438514719592894,15.179530478249497,-20.71533865589229,-33.806293425303636
3.4062905431366257,-10.94392818523679,-0.5229753151348815,27.217176617446533,4.912693114639648
-1.2049202503654275,-4.650895169248908,-19.607681419571637,16.42599998113546,52.22848824175944
-3.2431315016087456,-10.250441248609722,14.215549400510223,-0.8297106205742413,-25.81410155283396
1.764911064048019,2.1538369425765644,-0.2825534087699699,22.47418838813695,4.151313867076343
4.405064073851506,-8.629958644319224,-10.09314456709589,-31.045136700068667,5.946719032417471
-3.591543588641245,-7.61736946005048,-16.409718196817312,-17.19109625623959,39.08319417795778
-1.5520620940484187,1.9343643471641991,-19.004128214885302,18.228919475453562,51.87193193543914
3.274103235600178,-0.3286657788192926,-7.9381325586314455,-19.198113827909523,7.537370188664538
4.106842402604483,-5.986682259985868,-3.007166291267991,4.762800409182287,3.534229710274523
3.739465493246353,11.672856009687532,-4.711343765672393,26.951932587576074,13.262028946826199
4.6641645435876615,-7.324382095615114,-24.39179163022927,0.7113664176432302,48.140158194088535
4.165243560067726,6.174576467869335,-5.781302559241834,25.959276283008574,14.738767534793523
-4.860916999358478,8.655007194612255,-23.806356001535512,-34.79774942512423,48.828471639968
-4.830617271712874,-13.039780218606422,8.72915647218579,-1.544754149280168,-11.933565284160208
1.9075060283900305,-2.7273178534951636,-6.144621528506162,4.020574543498892,11.386819949572029
3.676052462840362,-11.864369956343273,-23.978832477813633,-28.176779886941762,40.84791596538443
-1.2126717750768945,-0.7032310265081758,20.79761865023641,29.22644603714294,-35.34337073951584
0.9974905616711895,-13.937588685622295,9.825636726992402,5.324986236422027,-19.912337535826076
3.7048363865624587,-1.6331237079473713,23.07037282943348,-19.885822447267604,-65.37216700870671
-2.8198530251249423,0.539609336401246,2.241756663619885,31.000031881607796,8.349851886369631
-2.9638800764085014,14.136001804869224,-0.4453893764078387,-17.773385936836426,-2.3667895720721264
-2.194979163687724,0.9085585363755859,-24.585033056774396,-8.384953761990001,55.20830816373885
-1.6013321616547804,-12.188994380131401,11.493821322287484,-26.63807619767737,-31.300682905449058
1.1407087623151213,0.037442440018608636,-11.249790415728778,-3.276082144844489,22.410804942017535
4.3355174975085085,-3.5227455618921395,20.32873800911787,24.28671619126186,-44.08484837965205
3.618244819921488,7.4018402805280425,-12.419027548841665,-18.36473323815696,16.07153506445008
-1.9809612364594367,8.724423827789344,-6.8524131708033,-1.56223110122726,15.674099870374704
4.334413972893568,-4.057778654852166,18.817143300564155,6.632038767095647,-46.08120016538498
-2.4949479820205878,14.018882485726222,-2.2799435538798907,-23.508790428707908,-0.013170968235011071
-2.4964615114414936,13.563839517450226,16.040094987144027,-24.589257333364205,-44.00149676661021
4.841966776558568,-11.665971724074751,11.076790986385387,25.820004682757677,-20.574725707809083
-2.14479253845297,-7.507092148169853,3.5464423748402663,-0.23000138580650997,-2.971534537666125
4.816021321521456,14.554442876845025,-23.732739589044456,12.213453596255054,49.99839455427385
0.19967141238125308,2.891746890268241,-14.130342323756773,8.451192425172799,34.998271647978235
-2.5401342860992426,-3.909136326014473,16.7094199949714,27.322680085460988,-23.876983864169862
2.4001362882958643,3.8544729069874117,19.818082436956097,-25.133547843654426,-56.617236527530174
-4.745714453859779,-7.727226099841993,-0.6025359550012066,-14.25896460771362,3.7191142358327345
-2.483143259547509,6.1232327194441805,8.353941166598968,29.715155144573785,-7.3905062711823
1.1408225332487785,-7.995742221524031,-15.201434511153256,-12.201899040104855,27.88152660932433
-1.7007612453303702,9.678475320462523,10.671727702758611,-26.936544471869542,-33.22354271561299
2.2065950015913502,-11.238101611094741,-20.777306161441288,3.488848364470509,44.350053424086816
-2.457006549632781,6.000243311673974,11.14936782007993,-28.57305337919715,-31.90871802082039
2.790835286003074,-4.567342870807602,15.521395448017028,-31.258556941862928,-48.28355863874524
3.866836565925082,2.1437249424184603,3.1972277740874766,-4.029435399902308,-15.050902116229844
3.6372830328706094,-13.746383973296398,12.077042500528208,-26.66327685293985,-41.07578315451718
-0.885120509613003,-0.8210934687156675,-3.5369470249857837,23.0191938862759,17.31756608470999
3.821408457617034,-14.623298805941944,17.659526923835244,-7.714598854587005,-48.14706797754309
3.078059017327533,-9.50968731999781,9.920432603835927,6.289573690228267,-23.178948071651547
4.812003261662335,-14.646137683911903,9.953051563642656,-3.8415782085840036,-29.795443132661177
-4.009967683419111,-13.584881490908268,-8.561742067769655,-13.298330619568144,22.274397568078243
-2.8363723819315787,10.114532394867837,10.086134709293578,13.668467555883229,-15.069350373969751
-2.2668878759958133,-3.100424450796402,18.548485845443246,6.175022844773615,-34.80386565668371
0.06121331321236578,-0.6758530135257095,4.115312130557172,-8.160225512561647,-12.366376492708202
1.5486309233622766,0.3467300522726795,-21.658570986888105,-24.607506277024243,38.24854815557411
-0.6931227652252945,1.7500533853085276,-17.252692898120987,21.8010628418253,46.97712916890083
0.744873998335339,5.1129083495071495,-16.579978365563285,-0.11937962338862995,34.503035684275666
2.7145610599805092,-3.5461209676789256,0.3989975391595513,3.8832351998660375,-4.285073417848768
-1.6518850469115187,10.509493700479048,-15.570997061090925,-29.609264670882013,28.007280795180037
-2.7680243940885885,5.068406291280863,20.680221359732627,26.637075923534073,-35.821163992990385
0.8763870034611934,-1.8541882324862442,-10.429248941131153,7.200734959529685,22.405486616190686
0.5774266412152196,4.680718645902274,-24.977237726065834,7.666929212664355,59.37816249255604
-4.825083831881562,-5.58716170645231,21.741404803449747,-16.788838604537347,-47.501056432494885
0.19798843977799052,6.333450986873925,-14.974785449197032,-4.174344481102459,32.0910843154467
0.017879064108115905,-0.05216611207106325,-21.690019319338198,29.74758316856519,61.64226639775775
-2.376442958018943,-14.50928545145134,-9.092524316535249,-0.6122273310986115,25.649898677020527
-1.9402349398007592,-6.56608809749627,17.758175079422163,-16.839470814576625,-42.92788858363652
-1.301271698970743,-7.503780292256595,22.541948456636902,-16.925268812292533,-55.3995235698033
-2.2916430486240245,14.219106221912636,7.27962514862913,-21.764697363733635,-20.84724012340372
-0.007667553441532249,-1.9696602676285107,7.750929619600995,30.1191071298176,-5.630026980569403
-1.1144875868690942,-5.823116899262595,-16.75965903716543,2.2403570461777296,42.59719649765308
-1.8497184887190246,7.071753469634722,1.514878720293913,-23.50437840924866,-9.103214955550932
4.6876279697618255,12.900691814221853,2.840852737843811,-30.555673763883874,-24.31889630796358
-4.568451667208578,7.710364944009642,14.079276929805209,-8.424073154525553,-28.940279789325203
-0.5037647097493823,-14.971208292398344,23.502124704057223,-27.148470885065695,-59.52227722538765
2.411987004748114,-11.086305116605033,6.321731419515708,33.97264484664448,-5.766149341469186
-4.2569163703585815,8.693570843555769,-1.1260368610056037,27.369985091921528,14.799543742186096
-3.4243055199149253,-3.4541921012206274,1.3822522924921588,23.330041078561703,11.36200018916525
-3.5077286134938648,14.747831224393716,3.7883816985209684,-31.52537735499009,-17.097485579653394
-4.986953160698059,-2.174015768589136,-0.05570448833690733,17.197602775585388,10.947796357901566
2.1901329396006863,2.127932144246352,-20.716632260234164,-23.434689226644036,36.69001246932436
1.2327134041704824,-3.8940936597663467,-12.859393078683713,17.690240403122274,34.884868993296735
-0.6327370528623817,-0.10632640203520172,-12.877823666821193,-15.299596655786672,25.478896806393394
3.462902621158026,-11.190669452127992,-16.8354931838379,-25.361110518186756,26.106026120883925
-2.3734069755817053,1.5549272273955062,-0.8350200016253151,18.510287752970164,11.41026976278174
1.6697548013337595,-2.2349878639437843,-6.326697547700815,30.223668787943105,21.678448204487204
-1.4961489460735233,-12.927902584200822,15.50084781934375,30.983135178154086,-20.09612221693024
-2.047493555213886,-3.9016790495090765,6.519905492386813,13.587946691342975,-5.5157481074478305
-3.1427955976293367,10.026666671636047,7.835985914877108,29.475579133632575,-4.320877089854871
